S. No.,Name of the Faculty,Designation,Date of Joining,Qualification,Nature of Association,Profile link
1,Dr. G. Balakrishna,Professor & Principal,25/11/2016,M. Tech. Ph. D.,Regular,View
2,Dr. G. Meerimatha,Professor & Head,01/06/2010,M. Tech. Ph. D.,Regular,View
3,Dr. U. Sreenivas,Professor & Vice Principal,05/07/2022,M. Tech. Ph. D.,Regular,View
4,Dr. P. Padmavathi,Associate Professor,15/02/2021,M. Tech. Ph. D.,Regular,View
5,Dr. S. Bhargava Reddy,Associate Professor,19/06/2017,M. Tech. Ph. D.,Regular,View
6,Mr. K. Vinod Kumar,Assistant Professor,21/07/2014,M. Tech(Ph. D),Regular,View
7,Mr. T. Aravind Babu,Assistant Professor,01/06/2012,M. Tech(Ph. D),Regular,View
8,Mr. Y. Sathish Kumar,Assistant Professor,02/07/2015,M. Tech.,Regular,View
9,Mrs. B. Shravani,Assistant Professor,04/07/2016,M. Tech.,Regular,View
10,Mr. M. V. Pavan Kumar,Assistant Professor,11/08/2014,M. Tech.,Regular,View
10,Mrs. M. Sushmi,Assistant Professor,06/12/2019,M. Tech.,Regular,View
12,Mrs. N Sai Deepthi,Assistant Professor,09/12/2020,M. Tech.,Regular,View
13,Mrs. K.T. Prashanthi,Assistant Professor,30/06/2022,M. Tech(Ph. D),Regular,View
11,Mr. K M . Sivasankara Reddy,Assistant Professor,30/06/2022,M. Tech.,Regular,View
15,Mrs. C K . Bharathi,Assistant Professor,25/06/2022,M. Tech.,Regular,View
12,Mr. N. Naresh Gupta,Assistant Professor,22/06/2022,M. Tech.,Regular,View
13,Mrs. A C Jeevitha,Assistant Professor,18/06/2024,M. Tech(Ph. D),Regular,View
18,Mrs.H.Subhashini Bai,Assistant Professor,19/07/2024,M. Tech.,Regular,View
19,Mr.D.Mahaboob Basha,Assistant Professor,03/08/2020,M. Tech.,Regular,View
20,Mrs B. Aruna,Assistant Professor,10/06/2024,M. Tech.,Regular,View
21,Mr.M.Nagaraju,Assistant Professor,10/06/2024,M. Tech.,Regular,View
22,Mr.V.Ravi Theja,Assistant Professor,19/07/2024,M. Tech.,Regular,View
23,Mrs.M.Anusha,Assistant Professor,01/06/2024,M. Tech.,Regular,View
24,Mr.G.Dileep Kumar,Assistant Professor,19/07/2024,M. Tech.,Regular,View
25,Mrs.P.Naga Swetha,Assistant Professor,19/07/2024,M. Tech.,Regular,View
14,Mrs.S.Nalini,Assistant Professor,01/07/2026,M. Tech,Regular,
15,Mr.A.Kalyan Kumar,Assistant Professor,01/07/2026,M. Tech,Regular,
16,Mrs.Y.Dhanalakshmi,Assistant Professor,01/07/2026,M. Tech,Regular,